query_id,algorithm,path,hops,cost_km,expanded,max_frontier,runtime_ms,gap_pct
Q1,UCS,KUL -> HKT -> LED -> HEL -> KEF,4,11461.348578050694,1851,616,25.05370000289986,0.0
Q1,GBFS,KUL -> LHR -> KEF,2,12500.498489789588,2,246,11.391200001526158,9.066558831732419
Q1,A*,KUL -> HKT -> LED -> HEL -> KEF,4,11461.348578050694,69,409,12.219799995364156,0.0
Q2,UCS,SIN -> JNB -> GRU -> EZE,3,17817.356252826285,3002,620,26.003799997852184,0.0
Q2,GBFS,SIN -> JNB -> GRU -> EZE,3,17817.356252826285,3,262,10.17649999994319,0.0
Q2,A*,SIN -> JNB -> GRU -> EZE,3,17817.356252826285,151,330,11.312400005408563,0.0
Q3,UCS,NRT -> HKG -> MRU -> CPT,3,14813.319264012905,3042,1018,26.349100000516046,0.0
Q3,GBFS,NRT -> DOH -> JNB -> CPT,3,15811.29463537717,3,234,11.059999997087289,6.7370138560958415
Q3,A*,NRT -> HKG -> MRU -> CPT,3,14813.319264012905,63,496,13.449400001263712,0.0
Q1,Weighted A* (1.5h),KUL -> AMS -> KEF,2,12274.31753121269,2,317,15.40210000530351,7.093135224234337
Q2,Weighted A* (1.5h),SIN -> JNB -> GRU -> EZE,3,17817.356252826285,3,262,12.562400006572716,0.0
Q3,Weighted A* (1.5h),NRT -> CMB -> SEZ -> JNB -> CPT,4,14929.353967643605,4,189,8.974900003522635,0.7833133247360013
